((0, 3040), 0),17:34:51.7637504
((0, 3050), 0),17:34:51.7715968
((0, 3060), 0),17:34:51.7817856
((0, 3070), 0),17:34:51.7919616
((0, 3080), 0),17:34:51.8011392
((0, 3090), 0),17:34:51.8113024
((0, 3100), 0),17:34:51.8216448
((0, 3110), 0),17:34:51.8317312
((0, 3120), 0),17:34:51.8408064
((0, 3130), 0),17:34:51.8511616
((0, 3140), 0),17:34:51.8611968
((0, 3150), 0),17:34:51.8713472
((0, 3160), 0),17:34:51.8805120
((0, 3170), 0),17:34:51.8907136
((0, 3180), 0),17:34:51.9009920
((0, 3190), 0),17:34:51.9111936
((0, 3200), 0),17:34:51.9202944
((0, 3210), 0),17:34:51.9304448
((0, 3220), 0),17:34:51.9406080
((0, 3230), 0),17:34:51.9507712
((0, 3240), 0),17:34:51.9609600
((0, 3250), 0),17:34:51.9701504
((0, 3260), 0),17:34:51.9803008
((0, 3270), 0),17:34:51.9904896
((0, 3280), 0),17:34:52.0006528
((0, 3290), 0),17:34:52.0098304
((0, 3300), 0),17:34:52.0199936
((0, 3310), 0),17:34:52.0301824
((0, 3320), 0),17:34:52.0403584
((0, 3330), 0),17:34:52.0496000
((0, 3340), 0),17:34:52.0597376
((0, 3350), 0),17:34:52.0699136
((0, 3360), 0),17:34:52.0801152
((0, 3371), 0),17:34:52.0902400
((0, 3381), 0),17:34:52.1004288
((0, 3391), 0),17:34:52.1106816
((0, 3401), 0),17:34:52.1209600
((0, 3411), 0),17:34:52.1310976
((0, 3421), 0),17:34:52.1401600
((0, 3431), 0),17:34:52.1503232
((0, 3441), 0),17:34:52.1605376
((0, 3451), 0),17:34:52.1707776
((0, 3461), 0),17:34:52.1798272
((0, 3471), 0),17:34:52.1901568
((0, 3481), 0),17:34:52.2002176
((0, 3491), 0),17:34:52.2104064
((0, 3501), 0),17:34:52.2197248
((0, 3511), 0),17:34:52.2297472
((0, 3521), 0),17:34:52.2398848
((0, 3531), 0),17:34:52.2501632
((0, 3542), 0),17:34:52.2602624
((0, 3552), 0),17:34:52.2704256
((0, 3562), 0),17:34:52.2807808
((0, 3572), 0),17:34:52.2908160
((0, 3582), 0),17:34:52.3009792
((0, 3592), 0),17:34:52.3102208
((0, 3602), 0),17:34:52.3203968
((0, 3612), 0),17:34:52.3305216
((0, 3622), 0),17:34:52.3406976
((0, 3632), 0),17:34:52.3500416
((0, 3642), 0),17:34:52.3600512
((0, 3652), 0),17:34:52.3705984
((0, 3662), 0),17:34:52.3806336
((0, 3672), 0),17:34:52.3895424
((0, 3682), 0),17:34:52.3997696
((0, 3692), 0),17:34:52.4101504
((0, 3702), 0),17:34:52.4202496
((0, 3712), 0),17:34:52.4294912
((0, 3722), 0),17:34:52.4394496
((0, 3732), 0),17:34:52.4496640
((0, 3742), 0),17:34:52.4598528
((0, 3752), 0),17:34:52.4700032
((0, 3762), 0),17:34:52.4793216
((0, 3772), 0),17:34:52.4894976
((0, 3782), 0),17:34:52.4995328
((0, 3792), 0),17:34:52.5097344
((0, 3802), 0),17:34:52.5188736
((0, 3812), 0),17:34:52.5290880
((0, 3822), 0),17:34:52.5392512
((0, 3832), 0),17:34:52.5494272
((0, 3842), 0),17:34:52.5586816
((0, 3852), 0),17:34:52.5687680
((0, 3862), 0),17:34:52.5789696
((0, 3872), 0),17:34:52.5892864
((0, 3883), 0),17:34:52.5993600
((0, 3893), 0),17:34:52.6095232
((0, 3903), 0),17:34:52.6196864
((0, 3913), 0),17:34:52.6300544
((0, 3923), 0),17:34:52.6400384
((0, 3933), 0),17:34:52.6492672
((0, 3943), 0),17:34:52.6594176
((0, 3953), 0),17:34:52.6695680
((0, 3963), 0),17:34:52.6797568
((0, 3973), 0),17:34:52.6889984
((0, 3983), 0),17:34:52.6990592
((0, 3993), 0),17:34:52.7092864
((0, 4003), 0),17:34:52.7194368
((0, 4013), 0),17:34:52.7287936
((0, 4023), 0),17:34:52.7388544
((0, 4033), 0),17:34:52.7489792
((0, 4043), 0),17:34:52.7592576
((0, 4054), 0),17:34:52.7693696
((0, 4064), 0),17:34:52.7795968
((0, 4074), 0),17:34:52.7897472
((0, 4084), 0),17:34:52.7998976
((0, 4094), 0),17:34:52.8101376
((0, 4104), 0),17:34:52.8192640
((0, 4114), 0),17:34:52.8294656
((0, 4124), 0),17:34:52.8395904
((0, 4134), 0),17:34:52.8497664
((0, 4144), 0),17:34:52.8589568
((0, 4154), 0),17:34:52.8691328
((0, 4164), 0),17:34:52.8793600
((0, 4174), 0),17:34:52.8894976
((0, 4184), 0),17:34:52.8986496
((0, 4194), 0),17:34:52.9088640
((0, 4204), 0),17:34:52.9190912
((0, 4214), 0),17:34:52.9292544
((0, 4224), 0),17:34:52.9384704
((0, 4234), 0),17:34:52.9485696
((0, 4244), 0),17:34:52.9587200
((0, 4254), 0),17:34:52.9689088
((0, 4264), 0),17:34:52.9790976
((0, 4274), 0),17:34:52.9882752
((0, 4284), 0),17:34:52.9984256
((0, 4294), 0),17:34:53.0086400
((0, 4304), 0),17:34:53.0188288
((0, 4314), 0),17:34:53.0279680
((0, 4324), 0),17:34:53.0381952
((0, 4334), 0),17:34:53.0483200
((0, 4344), 0),17:34:53.0585728
((0, 4354), 0),17:34:53.0676608
((0, 4364), 0),17:34:53.0778880
((0, 4374), 0),17:34:53.0880512
((0, 4384), 0),17:34:53.0982656
((0, 4395), 0),17:34:53.1085312
((0, 4405), 0),17:34:53.1185920
((0, 4415), 0),17:34:53.1288960
((0, 4425), 0),17:34:53.1390592
((0, 4435), 0),17:34:53.1493632
((0, 4445), 0),17:34:53.1583488
((0, 4455), 0),17:34:53.1684480
((0, 4465), 0),17:34:53.1786752
((0, 4475), 0),17:34:53.1889408
((0, 4485), 0),17:34:53.1980288
((0, 4495), 0),17:34:53.2082304
((0, 4505), 0),17:34:53.2183808
((0, 4515), 0),17:34:53.2285696
((0, 4525), 0),17:34:53.2376704
((0, 4535), 0),17:34:53.2478848
((0, 4545), 0),17:34:53.2580864
((0, 4555), 0),17:34:53.2682880
((0, 4566), 0),17:34:53.2784512
((0, 4576), 0),17:34:53.2886528
((0, 4586), 0),17:34:53.2988032
((0, 4596), 0),17:34:53.3092608
((0, 4606), 0),17:34:53.3192448
((0, 4616), 0),17:34:53.3284224
((0, 4626), 0),17:34:53.3385344
((0, 4636), 0),17:34:53.3486848
((0, 4646), 0),17:34:53.3588736
((0, 4656), 0),17:34:53.3680128
((0, 4666), 0),17:34:53.3782016
((0, 4676), 0),17:34:53.3883776
((0, 4686), 0),17:34:53.3986688
((0, 4696), 0),17:34:53.4078336
((0, 4706), 0),17:34:53.4179072
((0, 4716), 0),17:34:53.4281728
((0, 4726), 0),17:34:53.4383104
((0, 4736), 0),17:34:53.4474496
((0, 4746), 0),17:34:53.4577024
((0, 4756), 0),17:34:53.4678528
((0, 4766), 0),17:34:53.4780928
((0, 4776), 0),17:34:53.4881280
((0, 4786), 0),17:34:53.4973568
((0, 4796), 0),17:34:53.5074176
((0, 4806), 0),17:34:53.5178112
((0, 4816), 0),17:34:53.5278208
((0, 4826), 0),17:34:53.5369856
((0, 4836), 0),17:34:53.5471872
((0, 4846), 0),17:34:53.5573632
((0, 4856), 0),17:34:53.5675264
((0, 4866), 0),17:34:53.5768064
((0, 4876), 0),17:34:53.5868800
((0, 4886), 0),17:34:53.5970944
((0, 4896), 0),17:34:53.6072960
((0, 4907), 0),17:34:53.6176384
((0, 4917), 0),17:34:53.6276224
((0, 4927), 0),17:34:53.6377856
((0, 4937), 0),17:34:53.6479872
((0, 4947), 0),17:34:53.6581504
((0, 4957), 0),17:34:53.6673664
((0, 4967), 0),17:34:53.6775040
((0, 4977), 0),17:34:53.6877056
((0, 4987), 0),17:34:53.6978688
((0, 4997), 0),17:34:53.7070336
((0, 5007), 0),17:34:53.7172992
((0, 5017), 0),17:34:53.7274496
((0, 5027), 0),17:34:53.7375872
((0, 5037), 0),17:34:53.7467392
((0, 5047), 0),17:34:53.7569408
((0, 5057), 0),17:34:53.7671168
((0, 5067), 0),17:34:53.7772672
((0, 5078), 0),17:34:53.7874304
((0, 5088), 0),17:34:53.7976832
((0, 5098), 0),17:34:53.8078336
((0, 5108), 0),17:34:53.8180480
((0, 5118), 0),17:34:53.8282112
((0, 5128), 0),17:34:53.8373760
((0, 5138), 0),17:34:53.8475520
((0, 5148), 0),17:34:53.8577280
((0, 5158), 0),17:34:53.8679040
((0, 5168), 0),17:34:53.8771200
((0, 5178), 0),17:34:53.8872320
((0, 5188), 0),17:34:53.8974336
((0, 5198), 0),17:34:53.9075840
((0, 5208), 0),17:34:53.9168000
((0, 5218), 0),17:34:53.9269632
((0, 5228), 0),17:34:53.9371136
((0, 5238), 0),17:34:53.9473408
((0, 5248), 0),17:34:53.9565056
((0, 5258), 0),17:34:53.9666816
((0, 5268), 0),17:34:53.9802880
((0, 5278), 0),17:34:53.9870208
((0, 5288), 0),17:34:53.9972096
((0, 5298), 0),17:34:54.0064640
((0, 5308), 0),17:34:54.0165632
((0, 5318), 0),17:34:54.0267264
((0, 5328), 0),17:34:54.0369024
((0, 5338), 0),17:34:54.0460800
((0, 5348), 0),17:34:54.0562560
((0, 5358), 0),17:34:54.0664576
((0, 5368), 0),17:34:54.0766208
((0, 5378), 0),17:34:54.0857600
((0, 5388), 0),17:34:54.0959616
((0, 5398), 0),17:34:54.1061504
((0, 5408), 0),17:34:54.1163776
((0, 5419), 0),17:34:54.1266176
((0, 5429), 0),17:34:54.1368576
((0, 5439), 0),17:34:54.1469056
((0, 5449), 0),17:34:54.1571584
((0, 5459), 0),17:34:54.1672832
((0, 5469), 0),17:34:54.1765120
((0, 5479), 0),17:34:54.1866240
((0, 5489), 0),17:34:54.1968000
((0, 5499), 0),17:34:54.2070144
((0, 5509), 0),17:34:54.2161152
((0, 5519), 0),17:34:54.2263040
((0, 5529), 0),17:34:54.2365056
((0, 5539), 0),17:34:54.2466688
((0, 5549), 0),17:34:54.2558080
((0, 5559), 0),17:34:54.2659584
((0, 5569), 0),17:34:54.2762752
((0, 5579), 0),17:34:54.2863488
((0, 5590), 0),17:34:54.2966656
((0, 5600), 0),17:34:54.3067008
((0, 5610), 0),17:34:54.3168640
((0, 5620), 0),17:34:54.3270656
((0, 5630), 0),17:34:54.3372416
((0, 5640), 0),17:34:54.3464832
((0, 5650), 0),17:34:54.3565824
((0, 5660), 0),17:34:54.3667840
((0, 5670), 0),17:34:54.3769728
((0, 5680), 0),17:34:54.3862272
((0, 5690), 0),17:34:54.3963392
((0, 5700), 0),17:34:54.4064768
((0, 5710), 0),17:34:54.4166784
((0, 5720), 0),17:34:54.4259712
((0, 5730), 0),17:34:54.4360192
((0, 5740), 0),17:34:54.4462336
((0, 5750), 0),17:34:54.4563968
((0, 5760), 0),17:34:54.4655616
((0, 5770), 0),17:34:54.4757248
((0, 5780), 0),17:34:54.4859008
((0, 5790), 0),17:34:54.4960512
((0, 5800), 0),17:34:54.5062784
((0, 5810), 0),17:34:54.5155456
((0, 5820), 0),17:34:54.5256192
((0, 5830), 0),17:34:54.5357824
((0, 5840), 0),17:34:54.5461120
((0, 5850), 0),17:34:54.5551616
((0, 5860), 0),17:34:54.5654528
((0, 5870), 0),17:34:54.5754880
((0, 5880), 0),17:34:54.5857024
((0, 5890), 0),17:34:54.5948032
((0, 5900), 0),17:34:54.6049920
((0, 5910), 0),17:34:54.6151808
((0, 5920), 0),17:34:54.6253696
((0, 5931), 0),17:34:54.6356992
((0, 5941), 0),17:34:54.6457344
((0, 5951), 0),17:34:54.6559360
((0, 5961), 0),17:34:54.6660864
((0, 5971), 0),17:34:54.6762752
((0, 5981), 0),17:34:54.6855808
((0, 5991), 0),17:34:54.6957056
((0, 6001), 0),17:34:54.7057792
((0, 6011), 0),17:34:54.7159936
((0, 6021), 0),17:34:54.7252608
((0, 6031), 0),17:34:54.7353344
((0, 6041), 0),17:34:54.7457536
((0, 6051), 0),17:34:54.7556736
((0, 6061), 0),17:34:54.7648256
((0, 6071), 0),17:34:54.7750272
((0, 6081), 0),17:34:54.7851904
((0, 6091), 0),17:34:54.7954560
((0, 6102), 0),17:34:54.8056320
((0, 6112), 0),17:34:54.8157824
((0, 6122), 0),17:34:54.8259328
((0, 6132), 0),17:34:54.8360832
((0, 6142), 0),17:34:54.8463232
((0, 6152), 0),17:34:54.8555520
((0, 6162), 0),17:34:54.8691200
((0, 6172), 0),17:34:54.8758656
((0, 6182), 0),17:34:54.8860416
((0, 6192), 0),17:34:54.8951808
((0, 6202), 0),17:34:54.9054080
((0, 6212), 0),17:34:54.9155968
((0, 6222), 0),17:34:54.9257216
((0, 6232), 0),17:34:54.9348992
((0, 6242), 0),17:34:54.9451136
((0, 6252), 0),17:34:54.9552256
((0, 6262), 0),17:34:54.9654016
((0, 6272), 0),17:34:54.9746176
((0, 6282), 0),17:34:54.9847808
((0, 6292), 0),17:34:54.9949440
((0, 6302), 0),17:34:55.0051072
((0, 6312), 0),17:34:55.0153088
((0, 6322), 0),17:34:55.0246016
((0, 6332), 0),17:34:55.0346752
((0, 6342), 0),17:34:55.0448768
((0, 6352), 0),17:34:55.0550400
((0, 6362), 0),17:34:55.0641920
((0, 6372), 0),17:34:55.0744064
((0, 6382), 0),17:34:55.0845568
((0, 6392), 0),17:34:55.0948224
((0, 6402), 0),17:34:55.1038592
((0, 6412), 0),17:34:55.1141760
((0, 6422), 0),17:34:55.1243648
((0, 6432), 0),17:34:55.1343872
((0, 6443), 0),17:34:55.1446144
((0, 6453), 0),17:34:55.1547520
((0, 6463), 0),17:34:55.1649792
((0, 6473), 0),17:34:55.1751296
((0, 6483), 0),17:34:55.1853056
((0, 6493), 0),17:34:55.1944832
((0, 6503), 0),17:34:55.2049024
((0, 6513), 0),17:34:55.2148352
((0, 6523), 0),17:34:55.2250368
((0, 6533), 0),17:34:55.2341888
((0, 6543), 0),17:34:55.2444032
((0, 6553), 0),17:34:55.2546560
((0, 6563), 0),17:34:55.2647168
((0, 6573), 0),17:34:55.2738944
((0, 6583), 0),17:34:55.2842240
((0, 6593), 0),17:34:55.2943104
((0, 6603), 0),17:34:55.3044224
((0, 6614), 0),17:34:55.3146368
((0, 6624), 0),17:34:55.3249280
((0, 6634), 0),17:34:55.3349888
((0, 6644), 0),17:34:55.3451648
((0, 6654), 0),17:34:55.3554048
((0, 6664), 0),17:34:55.3646848
((0, 6674), 0),17:34:55.3746816
((0, 6684), 0),17:34:55.3849984
((0, 6694), 0),17:34:55.3950976
((0, 6704), 0),17:34:55.4042240
((0, 6714), 0),17:34:55.4144000
((0, 6724), 0),17:34:55.4246144
((0, 6734), 0),17:34:55.4348416
((0, 6744), 0),17:34:55.4439296
((0, 6754), 0),17:34:55.4541312
((0, 6764), 0),17:34:55.4642816
((0, 6774), 0),17:34:55.4745344
((0, 6784), 0),17:34:55.4836480
((0, 6794), 0),17:34:55.4938112
((0, 6804), 0),17:34:55.5040128
((0, 6814), 0),17:34:55.5142016
((0, 6824), 0),17:34:55.5244032
((0, 6834), 0),17:34:55.5336064
((0, 6844), 0),17:34:55.5437056
((0, 6854), 0),17:34:55.5538688
((0, 6864), 0),17:34:55.5641088
((0, 6874), 0),17:34:55.5732608
((0, 6884), 0),17:34:55.5834112
((0, 6894), 0),17:34:55.5936768
((0, 6904), 0),17:34:55.6038016
((0, 6914), 0),17:34:55.6130176
((0, 6924), 0),17:34:55.6231296
((0, 6934), 0),17:34:55.6333312
((0, 6944), 0),17:34:55.6434816
((0, 6955), 0),17:34:55.6536704
((0, 6965), 0),17:34:55.6638464
((0, 6975), 0),17:34:55.6740224
((0, 6985), 0),17:34:55.6842496
((0, 6995), 0),17:34:55.6944384
((0, 7005), 0),17:34:55.7036160
((0, 7015), 0),17:34:55.7138688
((0, 7025), 0),17:34:55.7240064
((0, 7035), 0),17:34:55.7340928
((0, 7045), 0),17:34:55.7433344
((0, 7055), 0),17:34:55.7534464
((0, 7065), 0),17:34:55.7636608
((0, 7075), 0),17:34:55.7738112
((0, 7085), 0),17:34:55.7830144
((0, 7095), 0),17:34:55.7931264
((0, 7105), 0),17:34:55.8033664
((0, 7115), 0),17:34:55.8135808
((0, 7126), 0),17:34:55.8238720
((0, 7136), 0),17:34:55.8339328
((0, 7146), 0),17:34:55.8442496
((0, 7156), 0),17:34:55.8542848
((0, 7166), 0),17:34:55.8646400
((0, 7176), 0),17:34:55.8736256
((0, 7186), 0),17:34:55.8838272
((0, 7196), 0),17:34:55.8939648
((0, 7206), 0),17:34:55.9042816
((0, 7216), 0),17:34:55.9134720
((0, 7226), 0),17:34:55.9234944
((0, 7236), 0),17:34:55.9337088
((0, 7246), 0),17:34:55.9438848
((0, 7256), 0),17:34:55.9530368
((0, 7266), 0),17:34:55.9632000
((0, 7276), 0),17:34:55.9734016
((0, 7286), 0),17:34:55.9836800
((0, 7296), 0),17:34:55.9928064
((0, 7306), 0),17:34:56.0029440
((0, 7316), 0),17:34:56.0131072
((0, 7326), 0),17:34:56.0232960
((0, 7336), 0),17:34:56.0334848
((0, 7346), 0),17:34:56.0427904
((0, 7356), 0),17:34:56.0528128
((0, 7366), 0),17:34:56.0629760
((0, 7376), 0),17:34:56.0732416
((0, 7386), 0),17:34:56.0823552
((0, 7396), 0),17:34:56.0925824
((0, 7406), 0),17:34:56.1027200
((0, 7416), 0),17:34:56.1129856
((0, 7426), 0),17:34:56.1221120
((0, 7436), 0),17:34:56.1322624
((0, 7446), 0),17:34:56.1425920
((0, 7456), 0),17:34:56.1527040
((0, 7467), 0),17:34:56.1627904
((0, 7477), 0),17:34:56.1729792
((0, 7487), 0),17:34:56.1832064
((0, 7497), 0),17:34:56.1933312
((0, 7507), 0),17:34:56.2035584
((0, 7517), 0),17:34:56.2127104
((0, 7527), 0),17:34:56.2228736
((0, 7537), 0),17:34:56.2330624
((0, 7547), 0),17:34:56.2433920
((0, 7557), 0),17:34:56.2524160
((0, 7567), 0),17:34:56.2625536
((0, 7577), 0),17:34:56.2727680
((0, 7587), 0),17:34:56.2829568
((0, 7597), 0),17:34:56.2921344
((0, 7607), 0),17:34:56.3024128
((0, 7617), 0),17:34:56.3124736
((0, 7627), 0),17:34:56.3227008
((0, 7638), 0),17:34:56.3328640
((0, 7648), 0),17:34:56.3430784
((0, 7658), 0),17:34:56.3532544
((0, 7668), 0),17:34:56.3633536
((0, 7678), 0),17:34:56.3737600
((0, 7688), 0),17:34:56.3827584
((0, 7698), 0),17:34:56.3929472
((0, 7708), 0),17:34:56.4030976
((0, 7718), 0),17:34:56.4132992
((0, 7728), 0),17:34:56.4224768
((0, 7738), 0),17:34:56.4328192
((0, 7748), 0),17:34:56.4429056
((0, 7758), 0),17:34:56.4529792
((0, 7768), 0),17:34:56.4622080
((0, 7778), 0),17:34:56.4723072
((0, 7788), 0),17:34:56.4826880
((0, 7798), 0),17:34:56.4927104
((0, 7808), 0),17:34:56.5021056
((0, 7818), 0),17:34:56.5120512
((0, 7828), 0),17:34:56.5223424
((0, 7838), 0),17:34:56.5324672
((0, 7848), 0),17:34:56.5426944
((0, 7858), 0),17:34:56.5517440
((0, 7868), 0),17:34:56.5619200
((0, 7878), 0),17:34:56.5721216
((0, 7888), 0),17:34:56.5822976
((0, 7898), 0),17:34:56.5914496
((0, 7908), 0),17:34:56.6016768
((0, 7918), 0),17:34:56.6118656
((0, 7928), 0),17:34:56.6220032
((0, 7938), 0),17:34:56.6311936
((0, 7948), 0),17:34:56.6413440
((0, 7958), 0),17:34:56.6515840
((0, 7968), 0),17:34:56.6618368
((0, 7979), 0),17:34:56.6719872
((0, 7989), 0),17:34:56.6822528
((0, 7999), 0),17:34:56.6922624
((0, 8009), 0),17:34:56.7024512
((0, 8019), 0),17:34:56.7126144
((0, 8029), 0),17:34:56.7217920
((0, 8039), 0),17:34:56.7319680
((0, 8049), 0),17:34:56.7421824
((0, 8059), 0),17:34:56.7523456
((0, 8069), 0),17:34:56.7615104
((0, 8079), 0),17:34:56.7717120
((0, 8089), 0),17:34:56.7818624
((0, 8099), 0),17:34:56.7920256
((0, 8109), 0),17:34:56.8012032
((0, 8119), 0),17:34:56.8114688
((0, 8129), 0),17:34:56.8215424
((0, 8139), 0),17:34:56.8319360
((0, 8150), 0),17:34:56.8419200
((0, 8160), 0),17:34:56.8520704
((0, 8170), 0),17:34:56.8623744
((0, 8180), 0),17:34:56.8724352
((0, 8190), 0),17:34:56.8829056
((0, 8200), 0),17:34:56.8918016
((0, 8210), 0),17:34:56.9019520
((0, 8220), 0),17:34:56.9121664
((0, 8230), 0),17:34:56.9225088
((0, 8240), 0),17:34:56.9314816
((0, 8250), 0),17:34:56.9417088
((0, 8260), 0),17:34:56.9518976
((0, 8270), 0),17:34:56.9620608
((0, 8280), 0),17:34:56.9713920
((0, 8290), 0),17:34:56.9814784
((0, 8300), 0),17:34:56.9916032
((0, 8310), 0),17:34:57.0019456
((0, 8320), 0),17:34:57.0109184
((0, 8330), 0),17:34:57.0212352
((0, 8340), 0),17:34:57.0313600
((0, 8350), 0),17:34:57.0414976
((0, 8360), 0),17:34:57.0517888
((0, 8370), 0),17:34:57.0607872
((0, 8380), 0),17:34:57.0711808
((0, 8390), 0),17:34:57.0811648
((0, 8400), 0),17:34:57.0913280
((0, 8410), 0),17:34:57.1005568
((0, 8420), 0),17:34:57.1108224
((0, 8430), 0),17:34:57.1208832
((0, 8440), 0),17:34:57.1310464
((0, 8450), 0),17:34:57.1402112
((0, 8460), 0),17:34:57.1505536
((0, 8470), 0),17:34:57.1605760
((0, 8480), 0),17:34:57.1708160
((0, 8491), 0),17:34:57.1810176
((0, 8501), 0),17:34:57.1911296
((0, 8511), 0),17:34:57.2013696
((0, 8521), 0),17:34:57.2115456
((0, 8531), 0),17:34:57.2219008
((0, 8541), 0),17:34:57.2310144
((0, 8551), 0),17:34:57.2410880
((0, 8561), 0),17:34:57.2512000
((0, 8571), 0),17:34:57.2613888
((0, 8581), 0),17:34:57.2705792
((0, 8591), 0),17:34:57.2808320
((0, 8601), 0),17:34:57.2910976
((0, 8611), 0),17:34:57.3011456
((0, 8621), 0),17:34:57.3102976
((0, 8631), 0),17:34:57.3204864
((0, 8641), 0),17:34:57.3306624
((0, 8651), 0),17:34:57.3408640
((0, 8662), 0),17:34:57.3510528
((0, 8672), 0),17:34:57.3612416
((0, 8682), 0),17:34:57.3713920
((0, 8692), 0),17:34:57.3816064
((0, 8702), 0),17:34:57.3918080
((0, 8712), 0),17:34:57.4009728
((0, 8722), 0),17:34:57.4112000
((0, 8732), 0),17:34:57.4212992
((0, 8742), 0),17:34:57.4314752
((0, 8752), 0),17:34:57.4406656
((0, 8762), 0),17:34:57.4510080
((0, 8772), 0),17:34:57.4610176
((0, 8782), 0),17:34:57.4712832
((0, 8792), 0),17:34:57.4803712
((0, 8802), 0),17:34:57.4905856
((0, 8812), 0),17:34:57.5006976
((0, 8822), 0),17:34:57.5110912
((0, 8832), 0),17:34:57.5201536
((0, 8842), 0),17:34:57.5302912
((0, 8852), 0),17:34:57.5404800
((0, 8862), 0),17:34:57.5506048
((0, 8872), 0),17:34:57.5608192
((0, 8882), 0),17:34:57.5699968
((0, 8892), 0),17:34:57.5801600
((0, 8902), 0),17:34:57.5903104
((0, 8912), 0),17:34:57.6006400
((0, 8922), 0),17:34:57.6096768
((0, 8932), 0),17:34:57.6198528
((0, 8942), 0),17:34:57.6300800
((0, 8952), 0),17:34:57.6404096
((0, 8962), 0),17:34:57.6494336
((0, 8972), 0),17:34:57.6595712
((0, 8982), 0),17:34:57.6697856
((0, 8992), 0),17:34:57.6799744
((0, 9003), 0),17:34:57.6901504
((0, 9013), 0),17:34:57.7003392
((0, 9023), 0),17:34:57.7105024
((0, 9033), 0),17:34:57.7206912
((0, 9043), 0),17:34:57.7309056
((0, 9053), 0),17:34:57.7399936
((0, 9063), 0),17:34:57.7502336
((0, 9073), 0),17:34:57.7603968
((0, 9083), 0),17:34:57.7705728
((0, 9093), 0),17:34:57.7799040
((0, 9103), 0),17:34:57.7901312
((0, 9113), 0),17:34:57.8001152
((0, 9123), 0),17:34:57.8103808
((0, 9133), 0),17:34:57.8195456
((0, 9143), 0),17:34:57.8297856
((0, 9153), 0),17:34:57.8399360
((0, 9163), 0),17:34:57.8500352
((0, 9174), 0),17:34:57.8601600
((0, 9184), 0),17:34:57.8704000
((0, 9194), 0),17:34:57.8806400
((0, 9204), 0),17:34:57.8908160
((0, 9214), 0),17:34:57.9009280
((0, 9224), 0),17:34:57.9102208
((0, 9234), 0),17:34:57.9202688
((0, 9244), 0),17:34:57.9304448
((0, 9254), 0),17:34:57.9406720
((0, 9264), 0),17:34:57.9499904
((0, 9274), 0),17:34:57.9600896
((0, 9284), 0),17:34:57.9701632
((0, 9294), 0),17:34:57.9803648
((0, 9304), 0),17:34:57.9895296
((0, 9314), 0),17:34:57.9998080
((0, 9324), 0),17:34:58.0098944
((0, 9334), 0),17:34:58.0201216
((0, 9344), 0),17:34:58.0292096
((0, 9354), 0),17:34:58.0395520
((0, 9364), 0),17:34:58.0496384
((0, 9374), 0),17:34:58.0598272
((0, 9384), 0),17:34:58.0700288
((0, 9394), 0),17:34:58.0791168
((0, 9404), 0),17:34:58.0893440
((0, 9414), 0),17:34:58.0994816
((0, 9424), 0),17:34:58.1097344
((0, 9434), 0),17:34:58.1189760
((0, 9444), 0),17:34:58.1291008
((0, 9454), 0),17:34:58.1391744
((0, 9464), 0),17:34:58.1493632
((0, 9474), 0),17:34:58.1585152
((0, 9484), 0),17:34:58.1687040
((0, 9494), 0),17:34:58.1789440
((0, 9504), 0),17:34:58.1891072
((0, 9515), 0),17:34:58.1992448
((0, 9525), 0),17:34:58.2095488
((0, 9535), 0),17:34:58.2196864
((0, 9545), 0),17:34:58.2300032
((0, 9555), 0),17:34:58.2401280
((0, 9565), 0),17:34:58.2491520
((0, 9575), 0),17:34:58.2594304
((0, 9585), 0),17:34:58.2695296
((0, 9595), 0),17:34:58.2796928
((0, 9605), 0),17:34:58.2890496
((0, 9615), 0),17:34:58.2990464
((0, 9625), 0),17:34:58.3092736
((0, 9635), 0),17:34:58.3194496
((0, 9645), 0),17:34:58.3285760
((0, 9655), 0),17:34:58.3389440
((0, 9665), 0),17:34:58.3489920
((0, 9675), 0),17:34:58.3591424
((0, 9686), 0),17:34:58.3693312
((0, 9696), 0),17:34:58.3795840
((0, 9706), 0),17:34:58.3896832
((0, 9716), 0),17:34:58.4000128
((0, 9726), 0),17:34:58.4102400
((0, 9736), 0),17:34:58.4192128
((0, 9746), 0),17:34:58.4293632
((0, 9756), 0),17:34:58.4395904
((0, 9766), 0),17:34:58.4497792
((0, 9776), 0),17:34:58.4589824
((0, 9786), 0),17:34:58.4691072
((0, 9796), 0),17:34:58.4793088
((0, 9806), 0),17:34:58.4894720
((0, 9816), 0),17:34:58.4986368
((0, 9826), 0),17:34:58.5087872
((0, 9836), 0),17:34:58.5190016
((0, 9846), 0),17:34:58.5292928
((0, 9856), 0),17:34:58.5383296
((0, 9866), 0),17:34:58.5485056
((0, 9876), 0),17:34:58.5588480
((0, 9886), 0),17:34:58.5689728
((0, 9896), 0),17:34:58.5791104
((0, 9906), 0),17:34:58.5882752
((0, 9916), 0),17:34:58.5984384
((0, 9926), 0),17:34:58.6086656
((0, 9936), 0),17:34:58.6187776
((0, 9946), 0),17:34:58.6280704
((0, 9956), 0),17:34:58.6381568
((0, 9966), 0),17:34:58.6483328
((0, 9976), 0),17:34:58.6586112
((0, 9986), 0),17:34:58.6676864
((0, 9996), 0),17:34:58.6780672
((0, 10006), 0),17:34:58.6881792
((0, 10016), 0),17:34:58.6983296
((0, 10027), 0),17:34:58.7085568
((0, 10037), 0),17:34:58.7187328
((0, 10047), 0),17:34:58.7290368
((0, 10057), 0),17:34:58.7390720
((0, 10067), 0),17:34:58.7492096
((0, 10077), 0),17:34:58.7583744
((0, 10087), 0),17:34:58.7686016
((0, 10097), 0),17:34:58.7787648
((0, 10107), 0),17:34:58.7891072
((0, 10117), 0),17:34:58.7980544
((0, 10127), 0),17:34:58.8082560
((0, 10137), 0),17:34:58.8184576
((0, 10147), 0),17:34:58.8286208
((0, 10157), 0),17:34:58.8377600
((0, 10167), 0),17:34:58.8480896
((0, 10177), 0),17:34:58.8581888
((0, 10187), 0),17:34:58.8684160
((0, 10198), 0),17:34:58.8786816
((0, 10208), 0),17:34:58.8887424
((0, 10218), 0),17:34:58.8989696
((0, 10228), 0),17:34:58.9090944
((0, 10238), 0),17:34:58.9193344
((0, 10248), 0),17:34:58.9284864
((0, 10258), 0),17:34:58.9386496
((0, 10268), 0),17:34:58.9487872
((0, 10278), 0),17:34:58.9590272
((0, 10288), 0),17:34:58.9681280
((0, 10298), 0),17:34:58.9784960
((0, 10308), 0),17:34:58.9884928
((0, 10318), 0),17:34:58.9987072
((0, 10328), 0),17:34:59.0078336
((0, 10338), 0),17:34:59.0181376
((0, 10348), 0),17:34:59.0282368
((0, 10358), 0),17:34:59.0383616
((0, 10368), 0),17:34:59.0475648
((0, 10378), 0),17:34:59.0577152
((0, 10388), 0),17:34:59.0679680
((0, 10398), 0),17:34:59.0780800
((0, 10408), 0),17:34:59.0883200
((0, 10418), 0),17:34:59.0975104
((0, 10428), 0),17:34:59.1076736
((0, 10438), 0),17:34:59.1179264
((0, 10448), 0),17:34:59.1280384
((0, 10458), 0),17:34:59.1371392
((0, 10468), 0),17:34:59.1473664
((0, 10478), 0),17:34:59.1575424
((0, 10488), 0),17:34:59.1677568
((0, 10498), 0),17:34:59.1770240
((0, 10508), 0),17:34:59.1870592
((0, 10518), 0),17:34:59.1972608
((0, 10528), 0),17:34:59.2074496
((0, 10539), 0),17:34:59.2176384
((0, 10549), 0),17:34:59.2278784
((0, 10559), 0),17:34:59.2380544
((0, 10569), 0),17:34:59.2482816
((0, 10579), 0),17:34:59.2584448
((0, 10589), 0),17:34:59.2675328
((0, 10599), 0),17:34:59.2777088
((0, 10609), 0),17:34:59.2879360
((0, 10619), 0),17:34:59.2981376
((0, 10629), 0),17:34:59.3072768
((0, 10639), 0),17:34:59.3175040
((0, 10649), 0),17:34:59.3276032
((0, 10659), 0),17:34:59.3378560
((0, 10669), 0),17:34:59.3470208
((0, 10679), 0),17:34:59.3572096
((0, 10689), 0),17:34:59.3673728
((0, 10699), 0),17:34:59.3775104
((0, 10710), 0),17:34:59.3877120
((0, 10720), 0),17:34:59.3978880
((0, 10730), 0),17:34:59.4081408
((0, 10740), 0),17:34:59.4182912
((0, 10750), 0),17:34:59.4285312
((0, 10760), 0),17:34:59.4376064
((0, 10770), 0),17:34:59.4477824
((0, 10780), 0),17:34:59.4581120
((0, 10790), 0),17:34:59.4682112
((0, 10800), 0),17:34:59.4773632
((0, 10810), 0),17:34:59.4874880
((0, 10820), 0),17:34:59.4976896
((0, 10830), 0),17:34:59.5079040
((0, 10840), 0),17:34:59.5170688
((0, 10850), 0),17:34:59.5271680
((0, 10860), 0),17:34:59.5374208
((0, 10870), 0),17:34:59.5476224
((0, 10880), 0),17:34:59.5567232
((0, 10890), 0),17:34:59.5669248
((0, 10900), 0),17:34:59.5771776
((0, 10910), 0),17:34:59.5873024
((0, 10920), 0),17:34:59.5974272
((0, 10930), 0),17:34:59.6066176
((0, 10940), 0),17:34:59.6168448
((0, 10950), 0),17:34:59.6270720
((0, 10960), 0),17:34:59.6371968
((0, 10970), 0),17:34:59.6463488
((0, 10980), 0),17:34:59.6565504
((0, 10990), 0),17:34:59.6667136
((0, 11000), 0),17:34:59.6768768
((0, 11010), 0),17:34:59.6861184
((0, 11020), 0),17:34:59.6962432
((0, 11030), 0),17:34:59.7064576
((0, 11040), 0),17:34:59.7166336
((0, 11051), 0),17:34:59.7267968
((0, 11061), 0),17:34:59.7369984
((0, 11071), 0),17:34:59.7471744
((0, 11081), 0),17:34:59.7573504
((0, 11091), 0),17:34:59.7676544
((0, 11101), 0),17:34:59.7767168
((0, 11111), 0),17:34:59.7868928
((0, 11121), 0),17:34:59.7971456
((0, 11131), 0),17:34:59.8072576
((0, 11141), 0),17:34:59.8164608
((0, 11151), 0),17:34:59.8265728
((0, 11161), 0),17:34:59.8367744
((0, 11171), 0),17:34:59.8470016
((0, 11181), 0),17:34:59.8561408
((0, 11191), 0),17:34:59.8663296
((0, 11201), 0),17:34:59.8765056
((0, 11211), 0),17:34:59.8866944
((0, 11222), 0),17:34:59.8968960
((0, 11232), 0),17:34:59.9071104
((0, 11242), 0),17:34:59.9172736
((0, 11252), 0),17:34:59.9274112
((0, 11262), 0),17:34:59.9376128
((0, 11272), 0),17:34:59.9468032
((0, 11282), 0),17:34:59.9569664
((0, 11292), 0),17:34:59.9671680
((0, 11302), 0),17:34:59.9772928
((0, 11312), 0),17:34:59.9865088
((0, 11322), 0),17:34:59.9966592
((0, 11332), 0),17:35:00.0068736
((0, 11342), 0),17:35:00.0171136
((0, 11352), 0),17:35:00.0262016
((0, 11362), 0),17:35:00.0363776
((0, 11372), 0),17:35:00.0465792
((0, 11382), 0),17:35:00.0567168
((0, 11392), 0),17:35:00.0660096
((0, 11402), 0),17:35:00.0761856
((0, 11412), 0),17:35:00.0862720
((0, 11422), 0),17:35:00.0964992
((0, 11432), 0),17:35:00.1067008
((0, 11442), 0),17:35:00.1159424
((0, 11452), 0),17:35:00.1260032
((0, 11462), 0),17:35:00.1362432
((0, 11472), 0),17:35:00.1463424
((0, 11482), 0),17:35:00.1555328
((0, 11492), 0),17:35:00.1657216
((0, 11502), 0),17:35:00.1759104
((0, 11512), 0),17:35:00.1861504
((0, 11522), 0),17:35:00.1953024
((0, 11532), 0),17:35:00.2054144
((0, 11542), 0),17:35:00.2156288
((0, 11552), 0),17:35:00.2258176
((0, 11563), 0),17:35:00.2359808
((0, 11573), 0),17:35:00.2462592
((0, 11583), 0),17:35:00.2564224
((0, 11593), 0),17:35:00.2665344
((0, 11603), 0),17:35:00.2767360
((0, 11613), 0),17:35:00.2860416
((0, 11623), 0),17:35:00.2961408
((0, 11633), 0),17:35:00.3064448
((0, 11643), 0),17:35:00.3165312
((0, 11653), 0),17:35:00.3259520
((0, 11663), 0),17:35:00.3358336
((0, 11673), 0),17:35:00.3463424
((0, 11683), 0),17:35:00.3563264
((0, 11693), 0),17:35:00.3658240
((0, 11703), 0),17:35:00.3754752
((0, 11713), 0),17:35:00.3858304
((0, 11723), 0),17:35:00.3958272
((0, 11734), 0),17:35:00.4062592
((0, 11744), 0),17:35:00.4166016
((0, 11754), 0),17:35:00.4264064
((0, 11764), 0),17:35:00.4365824
((0, 11774), 0),17:35:00.4468096
((0, 11784), 0),17:35:00.4559360
((0, 11794), 0),17:35:00.4661504
((0, 11804), 0),17:35:00.4769920
((0, 11814), 0),17:35:00.4866304
((0, 11824), 0),17:35:00.4956416
((0, 11834), 0),17:35:00.5059072
((0, 11844), 0),17:35:00.5160192
((0, 11854), 0),17:35:00.5265024
((0, 11864), 0),17:35:00.5353600
((0, 11874), 0),17:35:00.5455232
((0, 11884), 0),17:35:00.5557376
((0, 11894), 0),17:35:00.5658752
((0, 11904), 0),17:35:00.5750400
((0, 11914), 0),17:35:00.5852544
((0, 11924), 0),17:35:00.5954176
((0, 11934), 0),17:35:00.6055680
((0, 11944), 0),17:35:00.6157696
((0, 11954), 0),17:35:00.6248960
((0, 11964), 0),17:35:00.6350976
((0, 11974), 0),17:35:00.6453504
((0, 11984), 0),17:35:00.6554880
((0, 11994), 0),17:35:00.6646784
((0, 12004), 0),17:35:00.6748544
((0, 12014), 0),17:35:00.6850176
((0, 12024), 0),17:35:00.6952320
((0, 12034), 0),17:35:00.7043200
((0, 12044), 0),17:35:00.7146624
((0, 12054), 0),17:35:00.7247360
((0, 12064), 0),17:35:00.7348736
((0, 12075), 0),17:35:00.7454080
((0, 12085), 0),17:35:00.7553280
((0, 12095), 0),17:35:00.7655168
((0, 12105), 0),17:35:00.7756416
((0, 12115), 0),17:35:00.7859840
((0, 12125), 0),17:35:00.7949824
((0, 12135), 0),17:35:00.8053376
((0, 12145), 0),17:35:00.8153600
((0, 12155), 0),17:35:00.8254848
((0, 12165), 0),17:35:00.8347008
((0, 12175), 0),17:35:00.8448896
((0, 12185), 0),17:35:00.8551552
((0, 12195), 0),17:35:00.8652160
((0, 12205), 0),17:35:00.8744704
((0, 12215), 0),17:35:00.8845696
((0, 12225), 0),17:35:00.8947840
((0, 12235), 0),17:35:00.9049600
((0, 12246), 0),17:35:00.9153280
((0, 12256), 0),17:35:00.9252992
((0, 12266), 0),17:35:00.9355136
((0, 12276), 0),17:35:00.9456896
((0, 12286), 0),17:35:00.9558528
((0, 12296), 0),17:35:00.9651712
((0, 12306), 0),17:35:00.9753216
((0, 12316), 0),17:35:00.9854336
((0, 12326), 0),17:35:00.9956096
((0, 12336), 0),17:35:01.0048384
((0, 12346), 0),17:35:01.0154368
((0, 12356), 0),17:35:01.0250880
((0, 12366), 0),17:35:01.0353920
((0, 12376), 0),17:35:01.0444288
((0, 12386), 0),17:35:01.0547328
((0, 12396), 0),17:35:01.0647808
((0, 12406), 0),17:35:01.0750464
((0, 12416), 0),17:35:01.0841472
((0, 12426), 0),17:35:01.0943744
((0, 12436), 0),17:35:01.1045888
((0, 12446), 0),17:35:01.1146752
((0, 12456), 0),17:35:01.1248768
((0, 12466), 0),17:35:01.1340672
((0, 12476), 0),17:35:01.1443328
((0, 12486), 0),17:35:01.1543808
((0, 12496), 0),17:35:01.1645696
((0, 12506), 0),17:35:01.1737344
((0, 12516), 0),17:35:01.1839360
((0, 12526), 0),17:35:01.1940992
((0, 12536), 0),17:35:01.2043136
((0, 12546), 0),17:35:01.2135040
((0, 12556), 0),17:35:01.2237824
((0, 12566), 0),17:35:01.2337920
((0, 12576), 0),17:35:01.2440192
((0, 12587), 0),17:35:01.2542336
((0, 12597), 0),17:35:01.2644352
((0, 12607), 0),17:35:01.2745344
((0, 12617), 0),17:35:01.2847616
((0, 12627), 0),17:35:01.2948864
((0, 12637), 0),17:35:01.3040896
((0, 12647), 0),17:35:01.3144448
((0, 12657), 0),17:35:01.3245312
((0, 12667), 0),17:35:01.3346432
((0, 12677), 0),17:35:01.3439104
((0, 12687), 0),17:35:01.3539328
((0, 12697), 0),17:35:01.3641472
((0, 12707), 0),17:35:01.3743488
((0, 12717), 0),17:35:01.3835136
((0, 12727), 0),17:35:01.3937024
((0, 12737), 0),17:35:01.4038912
((0, 12747), 0),17:35:01.4141056
((0, 12758), 0),17:35:01.4244352
((0, 12768), 0),17:35:01.4344064
((0, 12778), 0),17:35:01.4446080
((0, 12788), 0),17:35:01.4548224
((0, 12798), 0),17:35:01.4649728
((0, 12808), 0),17:35:01.4741504
((0, 12818), 0),17:35:01.4843776
((0, 12828), 0),17:35:01.4944640
((0, 12838), 0),17:35:01.5046656
((0, 12848), 0),17:35:01.5138560
((0, 12858), 0),17:35:01.5240448
((0, 12868), 0),17:35:01.5342336
((0, 12878), 0),17:35:01.5443712
((0, 12888), 0),17:35:01.5536640
((0, 12898), 0),17:35:01.5637632
((0, 12908), 0),17:35:01.5739648
((0, 12918), 0),17:35:01.5841408
((0, 12928), 0),17:35:01.5933056
((0, 12938), 0),17:35:01.6034816
((0, 12948), 0),17:35:01.6136320
((0, 12958), 0),17:35:01.6238208
((0, 12968), 0),17:35:01.6339968
((0, 12978), 0),17:35:01.6431360
((0, 12988), 0),17:35:01.6534400
((0, 12998), 0),17:35:01.6636032
((0, 13008), 0),17:35:01.6737280
((0, 13018), 0),17:35:01.6829056
((0, 13028), 0),17:35:01.6930560
((0, 13038), 0),17:35:01.7032832
((0, 13048), 0),17:35:01.7134464
((0, 13058), 0),17:35:01.7227008
((0, 13068), 0),17:35:01.7328384
((0, 13078), 0),17:35:01.7429632
((0, 13088), 0),17:35:01.7531008
((0, 13099), 0),17:35:01.7634432
((0, 13109), 0),17:35:01.7735680
((0, 13119), 0),17:35:01.7836800
((0, 13129), 0),17:35:01.7939328
((0, 13139), 0),17:35:01.8041216
((0, 13149), 0),17:35:01.8133248
((0, 13159), 0),17:35:01.8235392
((0, 13169), 0),17:35:01.8335360
((0, 13179), 0),17:35:01.8437248
((0, 13189), 0),17:35:01.8529536
((0, 13199), 0),17:35:01.8631168
((0, 13209), 0),17:35:01.8733440
((0, 13219), 0),17:35:01.8834560
((0, 13229), 0),17:35:01.8926336
((0, 13239), 0),17:35:01.9028736
((0, 13249), 0),17:35:01.9130496
((0, 13259), 0),17:35:01.9232512
((0, 13270), 0),17:35:01.9334400
((0, 13280), 0),17:35:01.9435776
((0, 13290), 0),17:35:01.9536640
((0, 13300), 0),17:35:01.9638528
((0, 13310), 0),17:35:01.9740928
((0, 13320), 0),17:35:01.9833472
((0, 13330), 0),17:35:01.9934208
((0, 13340), 0),17:35:02.0036096
((0, 13350), 0),17:35:02.0138368
((0, 13360), 0),17:35:02.0231552
((0, 13370), 0),17:35:02.0332032
((0, 13380), 0),17:35:02.0433664
((0, 13390), 0),17:35:02.0535936
((0, 13400), 0),17:35:02.0626304
((0, 13410), 0),17:35:02.0728576
((0, 13420), 0),17:35:02.0830720
((0, 13430), 0),17:35:02.0932096
((0, 13440), 0),17:35:02.1025408
((0, 13450), 0),17:35:02.1126144
((0, 13460), 0),17:35:02.1229184
((0, 13470), 0),17:35:02.1330560
((0, 13480), 0),17:35:02.1430912
((0, 13490), 0),17:35:02.1523712
((0, 13500), 0),17:35:02.1624448
((0, 13510), 0),17:35:02.1726720
((0, 13520), 0),17:35:02.1828736
((0, 13530), 0),17:35:02.1919744
((0, 13540), 0),17:35:02.2022016
((0, 13550), 0),17:35:02.2125312
((0, 13560), 0),17:35:02.2226304
((0, 13570), 0),17:35:02.2317184
((0, 13580), 0),17:35:02.2419200
((0, 13590), 0),17:35:02.2520704
((0, 13600), 0),17:35:02.2623104
((0, 13611), 0),17:35:02.2724992
((0, 13621), 0),17:35:02.2826240
((0, 13631), 0),17:35:02.2928000
((0, 13641), 0),17:35:02.3029760
((0, 13651), 0),17:35:02.3132288
((0, 13661), 0),17:35:02.3224832
((0, 13671), 0),17:35:02.3325824
((0, 13681), 0),17:35:02.3427456
((0, 13691), 0),17:35:02.3529088
((0, 13701), 0),17:35:02.3620096
((0, 13711), 0),17:35:02.3723264
((0, 13721), 0),17:35:02.3824896
((0, 13731), 0),17:35:02.3925376
((0, 13741), 0),17:35:02.4017792
((0, 13751), 0),17:35:02.4121216
((0, 13761), 0),17:35:02.4222208
((0, 13771), 0),17:35:02.4324480
((0, 13782), 0),17:35:02.4425216
((0, 13792), 0),17:35:02.4526848
((0, 13802), 0),17:35:02.4627840
((0, 13812), 0),17:35:02.4730112
((0, 13822), 0),17:35:02.4832128
((0, 13832), 0),17:35:02.4923776
((0, 13842), 0),17:35:02.5025280
((0, 13852), 0),17:35:02.5127424
((0, 13862), 0),17:35:02.5229440
((0, 13872), 0),17:35:02.5321728
((0, 13882), 0),17:35:02.5423360
((0, 13892), 0),17:35:02.5524736
((0, 13902), 0),17:35:02.5626112
((0, 13912), 0),17:35:02.5717632
((0, 13922), 0),17:35:02.5819904
((0, 13932), 0),17:35:02.5922816
((0, 13942), 0),17:35:02.6023424
((0, 13952), 0),17:35:02.6115456
((0, 13962), 0),17:35:02.6217088
((0, 13972), 0),17:35:02.6319360
((0, 13982), 0),17:35:02.6421504
((0, 13992), 0),17:35:02.6521984
((0, 14002), 0),17:35:02.6614016
((0, 14012), 0),17:35:02.6715520
((0, 14022), 0),17:35:02.6817536
((0, 14032), 0),17:35:02.6919552
((0, 14042), 0),17:35:02.7014400
((0, 14052), 0),17:35:02.7113472
((0, 14062), 0),17:35:02.7215744
((0, 14072), 0),17:35:02.7316736
((0, 14082), 0),17:35:02.7409280
((0, 14092), 0),17:35:02.7510912
((0, 14102), 0),17:35:02.7611904
((0, 14112), 0),17:35:02.7714560
((0, 14123), 0),17:35:02.7815680
((0, 14133), 0),17:35:02.7918208
((0, 14143), 0),17:35:02.8019584
((0, 14153), 0),17:35:02.8121344
((0, 14163), 0),17:35:02.8223488
((0, 14173), 0),17:35:02.8314752
((0, 14183), 0),17:35:02.8416384
((0, 14193), 0),17:35:02.8518400
((0, 14203), 0),17:35:02.8620288
((0, 14213), 0),17:35:02.8712192
((0, 14223), 0),17:35:02.8821120
((0, 14233), 0),17:35:02.8921600
((0, 14243), 0),17:35:02.9017728
((0, 14253), 0),17:35:02.9109248
((0, 14263), 0),17:35:02.9211776
((0, 14273), 0),17:35:02.9313536
((0, 14283), 0),17:35:02.9420672
((0, 14294), 0),17:35:02.9516288
((0, 14304), 0),17:35:02.9618944
((0, 14314), 0),17:35:02.9721216
((0, 14324), 0),17:35:02.9822464
((0, 14334), 0),17:35:02.9926528
((0, 14344), 0),17:35:03.0020352
((0, 14354), 0),17:35:03.0118016
((0, 14364), 0),17:35:03.0219136
((0, 14374), 0),17:35:03.0321792
((0, 14384), 0),17:35:03.0415104
((0, 14394), 0),17:35:03.0515328
((0, 14404), 0),17:35:03.0616448
((0, 14414), 0),17:35:03.0732672
((0, 14424), 0),17:35:03.0809984
((0, 14434), 0),17:35:03.0917376
((0, 14444), 0),17:35:03.1014400
((0, 14454), 0),17:35:03.1116160
((0, 14464), 0),17:35:03.1207680
((0, 14474), 0),17:35:03.1317888
((0, 14484), 0),17:35:03.1411712
((0, 14494), 0),17:35:03.1512576
((0, 14504), 0),17:35:03.1615360
((0, 14514), 0),17:35:03.1707008
((0, 14524), 0),17:35:03.1809152
((0, 14534), 0),17:35:03.1910400
((0, 14544), 0),17:35:03.2012672
((0, 14554), 0),17:35:03.2104448
((0, 14564), 0),17:35:03.2210304
((0, 14574), 0),17:35:03.2308352
((0, 14584), 0),17:35:03.2408704
((0, 14594), 0),17:35:03.2499968
((0, 14604), 0),17:35:03.2602368
((0, 14614), 0),17:35:03.2703872
((0, 14624), 0),17:35:03.2806144
((0, 14635), 0),17:35:03.2908416
((0, 14645), 0),17:35:03.3009536
((0, 14655), 0),17:35:03.3111680
((0, 14665), 0),17:35:03.3214464
((0, 14675), 0),17:35:03.3316096
((0, 14685), 0),17:35:03.3408000
((0, 14695), 0),17:35:03.3508736
((0, 14705), 0),17:35:03.3610624
((0, 14715), 0),17:35:03.3712512
((0, 14725), 0),17:35:03.3805440
((0, 14735), 0),17:35:03.3906432
((0, 14745), 0),17:35:03.4011392
((0, 14755), 0),17:35:03.4109824
((0, 14765), 0),17:35:03.4201088
((0, 14775), 0),17:35:03.4302848
((0, 14785), 0),17:35:03.4404608
((0, 14795), 0),17:35:03.4506624
((0, 14806), 0),17:35:03.4608640
((0, 14816), 0),17:35:03.4710784
((0, 14826), 0),17:35:03.4812032
((0, 14836), 0),17:35:03.4914048
((0, 14846), 0),17:35:03.5015936
((0, 14856), 0),17:35:03.5107200
((0, 14866), 0),17:35:03.5210368
((0, 14876), 0),17:35:03.5312896
((0, 14886), 0),17:35:03.5413760
((0, 14896), 0),17:35:03.5504768
((0, 14906), 0),17:35:03.5606400
((0, 14916), 0),17:35:03.5708672
((0, 14926), 0),17:35:03.5810048
((0, 14936), 0),17:35:03.5901696
((0, 14946), 0),17:35:03.6003584
((0, 14956), 0),17:35:03.6105856
((0, 14966), 0),17:35:03.6207872
((0, 14976), 0),17:35:03.6299776
((0, 14986), 0),17:35:03.6401408
((0, 14996), 0),17:35:03.6502400
((0, 15006), 0),17:35:03.6604800
((0, 15016), 0),17:35:03.6706816
((0, 15026), 0),17:35:03.6797568
((0, 15036), 0),17:35:03.6900352
((0, 15046), 0),17:35:03.7002496
((0, 15056), 0),17:35:03.7105152
((0, 15066), 0),17:35:03.7194752
((0, 15076), 0),17:35:03.7298048
((0, 15086), 0),17:35:03.7398400
((0, 15096), 0),17:35:03.7499904
((0, 15106), 0),17:35:03.7594240
((0, 15116), 0),17:35:03.7694208
((0, 15126), 0),17:35:03.7796736
((0, 15136), 0),17:35:03.7897344
((0, 15147), 0),17:35:03.7999616
((0, 15157), 0),17:35:03.8102400
((0, 15167), 0),17:35:03.8203520
((0, 15177), 0),17:35:03.8305280
((0, 15187), 0),17:35:03.8406912
((0, 15197), 0),17:35:03.8498176
((0, 15207), 0),17:35:03.8600064
((0, 15217), 0),17:35:03.8702080
((0, 15227), 0),17:35:03.8804096
((0, 15237), 0),17:35:03.8896384
((0, 15247), 0),17:35:03.8997888
((0, 15257), 0),17:35:03.9099008
((0, 15267), 0),17:35:03.9200512
((0, 15277), 0),17:35:03.9292544
((0, 15287), 0),17:35:03.9394304
((0, 15297), 0),17:35:03.9496192
((0, 15307), 0),17:35:03.9597440
((0, 15318), 0),17:35:03.9699456
((0, 15328), 0),17:35:03.9801216
((0, 15338), 0),17:35:03.9904256
((0, 15348), 0),17:35:04.0005504
((0, 15358), 0),17:35:04.0107136
((0, 15368), 0),17:35:04.0198400
((0, 15378), 0),17:35:04.0300032
((0, 15388), 0),17:35:04.0403328
((0, 15398), 0),17:35:04.0504192
((0, 15408), 0),17:35:04.0597376
((0, 15418), 0),17:35:04.0698880
((0, 15428), 0),17:35:04.0799616
((0, 15438), 0),17:35:04.0901248
((0, 15448), 0),17:35:04.0992896
((0, 15458), 0),17:35:04.1094784
((0, 15468), 0),17:35:04.1196544
((0, 15478), 0),17:35:04.1298304
((0, 15488), 0),17:35:04.1390464
((0, 15498), 0),17:35:04.1492480
((0, 15508), 0),17:35:04.1593856
((0, 15518), 0),17:35:04.1695744
((0, 15528), 0),17:35:04.1797504
((0, 15538), 0),17:35:04.1889792
((0, 15548), 0),17:35:04.1991168
((0, 15558), 0),17:35:04.2094848
((0, 15568), 0),17:35:04.2194176
((0, 15578), 0),17:35:04.2286848
((0, 15588), 0),17:35:04.2388352
((0, 15598), 0),17:35:04.2489856
((0, 15608), 0),17:35:04.2591616
((0, 15618), 0),17:35:04.2683520
((0, 15628), 0),17:35:04.2785152
((0, 15638), 0),17:35:04.2887424
((0, 15648), 0),17:35:04.2989312
((0, 15659), 0),17:35:04.3091200
((0, 15669), 0),17:35:04.3192320
((0, 15679), 0),17:35:04.3294720
((0, 15689), 0),17:35:04.3397504
((0, 15699), 0),17:35:04.3498240
((0, 15709), 0),17:35:04.3589760
((0, 15719), 0),17:35:04.3691136
((0, 15729), 0),17:35:04.3793024
((0, 15739), 0),17:35:04.3895296
((0, 15749), 0),17:35:04.3988096
((0, 15759), 0),17:35:04.4088448
((0, 15769), 0),17:35:04.4191104
((0, 15779), 0),17:35:04.4292736
((0, 15789), 0),17:35:04.4384256
((0, 15799), 0),17:35:04.4485760
((0, 15809), 0),17:35:04.4588416
((0, 15819), 0),17:35:04.4689536
((0, 15830), 0),17:35:04.4792192
((0, 15840), 0),17:35:04.4893440
((0, 15850), 0),17:35:04.4994944
((0, 15860), 0),17:35:04.5098240
((0, 15870), 0),17:35:04.5198720
((0, 15880), 0),17:35:04.5290624
((0, 15890), 0),17:35:04.5392384
((0, 15900), 0),17:35:04.5494144
((0, 15910), 0),17:35:04.5596928
((0, 15920), 0),17:35:04.5687296
((0, 15930), 0),17:35:04.5789440
((0, 15940), 0),17:35:04.5891328
((0, 15950), 0),17:35:04.5992960
((0, 15960), 0),17:35:04.6085376
((0, 15970), 0),17:35:04.6187008
((0, 15980), 0),17:35:04.6288768
((0, 15990), 0),17:35:04.6390400
((0, 16000), 0),17:35:04.6481664
((0, 16010), 0),17:35:04.6583936
((0, 16020), 0),17:35:04.6685824
((0, 16030), 0),17:35:04.6787328
((0, 16040), 0),17:35:04.6889216
((0, 16050), 0),17:35:04.6982144
((0, 16060), 0),17:35:04.7083136
((0, 16070), 0),17:35:04.7188224
((0, 16080), 0),17:35:04.7288832
((0, 16090), 0),17:35:04.7378048
((0, 16100), 0),17:35:04.7479808
((0, 16110), 0),17:35:04.7582720
((0, 16120), 0),17:35:04.7683328
((0, 16130), 0),17:35:04.7775232
((0, 16140), 0),17:35:04.7878016
((0, 16150), 0),17:35:04.7979904
((0, 16160), 0),17:35:04.8081024
((0, 16171), 0),17:35:04.8182016
((0, 16181), 0),17:35:04.8284672
((0, 16191), 0),17:35:04.8385664
((0, 16201), 0),17:35:04.8488448
((0, 16211), 0),17:35:04.8589312
((0, 16221), 0),17:35:04.8681344
((0, 16231), 0),17:35:04.8783104
((0, 16241), 0),17:35:04.8886272
((0, 16251), 0),17:35:04.8986752
((0, 16261), 0),17:35:04.9078784
((0, 16271), 0),17:35:04.9180032
((0, 16281), 0),17:35:04.9282176
((0, 16291), 0),17:35:04.9384320
((0, 16301), 0),17:35:04.9475840
((0, 16311), 0),17:35:04.9578752
((0, 16321), 0),17:35:04.9680256
((0, 16331), 0),17:35:04.9780992
((0, 16342), 0),17:35:04.9883136
((0, 16352), 0),17:35:04.9984640
((0, 16362), 0),17:35:05.0086912
((0, 16372), 0),17:35:05.0188544
((0, 16382), 0),17:35:05.0290304
((0, 16392), 0),17:35:05.0382208
((0, 16402), 0),17:35:05.0483968
((0, 16412), 0),17:35:05.0585600
((0, 16422), 0),17:35:05.0687744
((0, 16432), 0),17:35:05.0779136
((0, 16442), 0),17:35:05.0881664
((0, 16452), 0),17:35:05.0982912
((0, 16462), 0),17:35:05.1084672
((0, 16472), 0),17:35:05.1177088
((0, 16482), 0),17:35:05.1278848
((0, 16492), 0),17:35:05.1379840
((0, 16502), 0),17:35:05.1482368
((0, 16512), 0),17:35:05.1574144
((0, 16522), 0),17:35:05.1675392
((0, 16532), 0),17:35:05.1778048
((0, 16542), 0),17:35:05.1878656
((0, 16552), 0),17:35:05.1981824
((0, 16562), 0),17:35:05.2072448
((0, 16572), 0),17:35:05.2174464
((0, 16582), 0),17:35:05.2277248
((0, 16592), 0),17:35:05.2379008
((0, 16602), 0),17:35:05.2469760
((0, 16612), 0),17:35:05.2571264
((0, 16622), 0),17:35:05.2672768
((0, 16632), 0),17:35:05.2775040
((0, 16642), 0),17:35:05.2866304
((0, 16652), 0),17:35:05.2969984
((0, 16662), 0),17:35:05.3070208
((0, 16672), 0),17:35:05.3172224
((0, 16683), 0),17:35:05.3273856
((0, 16693), 0),17:35:05.3377152
((0, 16703), 0),17:35:05.3477760
((0, 16713), 0),17:35:05.3580032
((0, 16723), 0),17:35:05.3681152
((0, 16733), 0),17:35:05.3773952
((0, 16743), 0),17:35:05.3874944
((0, 16753), 0),17:35:05.3976960
((0, 16763), 0),17:35:05.4080256
((0, 16773), 0),17:35:05.4170496
((0, 16783), 0),17:35:05.4272128
((0, 16793), 0),17:35:05.4373760
((0, 16803), 0),17:35:05.4477184
((0, 16813), 0),17:35:05.4568192
((0, 16823), 0),17:35:05.4669440
((0, 16833), 0),17:35:05.4772352
((0, 16843), 0),17:35:05.4872960
((0, 16854), 0),17:35:05.4974848
((0, 16864), 0),17:35:05.5076992
((0, 16874), 0),17:35:05.5179776
((0, 16884), 0),17:35:05.5279872
((0, 16894), 0),17:35:05.5382400
((0, 16904), 0),17:35:05.5473664
((0, 16914), 0),17:35:05.5576704
((0, 16924), 0),17:35:05.5677184
((0, 16934), 0),17:35:05.5779456
((0, 16944), 0),17:35:05.5870848
((0, 16954), 0),17:35:05.5973248
((0, 16964), 0),17:35:05.6075264
((0, 16974), 0),17:35:05.6177024
((0, 16984), 0),17:35:05.6268800
((0, 16994), 0),17:35:05.6371072
((0, 17004), 0),17:35:05.6472064
((0, 17014), 0),17:35:05.6573824
((0, 17024), 0),17:35:05.6667008
((0, 17034), 0),17:35:05.6766848
((0, 17044), 0),17:35:05.6870272
((0, 17054), 0),17:35:05.6971520
((0, 17064), 0),17:35:05.7072768
((0, 17074), 0),17:35:05.7165568
((0, 17084), 0),17:35:05.7266176
((0, 17094), 0),17:35:05.7368064
((0, 17104), 0),17:35:05.7469952
((0, 17114), 0),17:35:05.7561472
((0, 17124), 0),17:35:05.7663232
((0, 17134), 0),17:35:05.7765632
((0, 17144), 0),17:35:05.7867776
((0, 17154), 0),17:35:05.7962112
((0, 17164), 0),17:35:05.8060672
((0, 17174), 0),17:35:05.8161792
((0, 17184), 0),17:35:05.8263936
((0, 17195), 0),17:35:05.8367104
((0, 17205), 0),17:35:05.8468608
((0, 17215), 0),17:35:05.8569216
((0, 17225), 0),17:35:05.8671104
((0, 17235), 0),17:35:05.8773504
((0, 17245), 0),17:35:05.8865792
((0, 17255), 0),17:35:05.8966528
((0, 17265), 0),17:35:05.9068928
((0, 17275), 0),17:35:05.9170048
((0, 17285), 0),17:35:05.9262720
((0, 17295), 0),17:35:05.9363840
((0, 17305), 0),17:35:05.9466368
((0, 17315), 0),17:35:05.9569280
((0, 17325), 0),17:35:05.9658880
((0, 17335), 0),17:35:05.9761792
((0, 17345), 0),17:35:05.9862272
((0, 17355), 0),17:35:05.9964544
((0, 17366), 0),17:35:06.0068352
((0, 17376), 0),17:35:06.0168064
((0, 17386), 0),17:35:06.0272000
((0, 17396), 0),17:35:06.0371712
((0, 17406), 0),17:35:06.0473856
((0, 17416), 0),17:35:06.0565504
((0, 17426), 0),17:35:06.0668032
((0, 17436), 0),17:35:06.0770176
((0, 17446), 0),17:35:06.0870656
((0, 17456), 0),17:35:06.0963200
((0, 17466), 0),17:35:06.1064320
((0, 17476), 0),17:35:06.1166720
((0, 17486), 0),17:35:06.1267840
((0, 17496), 0),17:35:06.1359488
((0, 17506), 0),17:35:06.1460992
((0, 17516), 0),17:35:06.1563136
((0, 17526), 0),17:35:06.1664512
((0, 17536), 0),17:35:06.1756672
((0, 17546), 0),17:35:06.1857792
((0, 17556), 0),17:35:06.1960704
((0, 17566), 0),17:35:06.2062208
((0, 17576), 0),17:35:06.2163712
((0, 17586), 0),17:35:06.2254848
((0, 17596), 0),17:35:06.2356992
((0, 17606), 0),17:35:06.2459904
((0, 17616), 0),17:35:06.2560384
((0, 17626), 0),17:35:06.2652416
((0, 17636), 0),17:35:06.2754176
((0, 17646), 0),17:35:06.2856064
((0, 17656), 0),17:35:06.2958848
((0, 17666), 0),17:35:06.3049344
((0, 17676), 0),17:35:06.3151360
((0, 17686), 0),17:35:06.3253248
((0, 17696), 0),17:35:06.3354752
((0, 17707), 0),17:35:06.3457792
((0, 17717), 0),17:35:06.3559424
((0, 17727), 0),17:35:06.3660544
((0, 17737), 0),17:35:06.3762816
((0, 17747), 0),17:35:06.3864704
((0, 17757), 0),17:35:06.3956096
((0, 17767), 0),17:35:06.4059648
((0, 17777), 0),17:35:06.4160256
((0, 17787), 0),17:35:06.4261632
((0, 17797), 0),17:35:06.4353664
((0, 17807), 0),17:35:06.4455040
((0, 17817), 0),17:35:06.4558336
((0, 17827), 0),17:35:06.4659072
((0, 17837), 0),17:35:06.4750208
((0, 17847), 0),17:35:06.4852608
((0, 17857), 0),17:35:06.4954112
((0, 17867), 0),17:35:06.5055744
((0, 17878), 0),17:35:06.5157248
((0, 17888), 0),17:35:06.5259520
((0, 17898), 0),17:35:06.5361536
((0, 17908), 0),17:35:06.5463040
((0, 17918), 0),17:35:06.5565056
((0, 17928), 0),17:35:06.5656960
((0, 17938), 0),17:35:06.5759616
((0, 17948), 0),17:35:06.5860608
((0, 17958), 0),17:35:06.5962368
((0, 17968), 0),17:35:06.6054144
((0, 17978), 0),17:35:06.6155776
((0, 17988), 0),17:35:06.6259840
((0, 17998), 0),17:35:06.6361344
((0, 18008), 0),17:35:06.6451072
((0, 18018), 0),17:35:06.6553472
((0, 18028), 0),17:35:06.6654848
((0, 18038), 0),17:35:06.6756224
((0, 18048), 0),17:35:06.6848384
((0, 18058), 0),17:35:06.6951424
((0, 18068), 0),17:35:06.7051776
((0, 18078), 0),17:35:06.7153280
((0, 18088), 0),17:35:06.7255552
((0, 18098), 0),17:35:06.7347072
((0, 18108), 0),17:35:06.7448320
((0, 18118), 0),17:35:06.7550208
((0, 18128), 0),17:35:06.7652096
((0, 18138), 0),17:35:06.7743872
((0, 18148), 0),17:35:06.7847424
((0, 18158), 0),17:35:06.7948160
((0, 18168), 0),17:35:06.8049536
((0, 18178), 0),17:35:06.8141824
((0, 18188), 0),17:35:06.8242304
((0, 18198), 0),17:35:06.8344576
((0, 18208), 0),17:35:06.8446720
((0, 18219), 0),17:35:06.8548352
((0, 18229), 0),17:35:06.8650752
((0, 18239), 0),17:35:06.8751744
((0, 18249), 0),17:35:06.8854016
((0, 18259), 0),17:35:06.8956032
((0, 18269), 0),17:35:06.9047040
((0, 18279), 0),17:35:06.9149696
((0, 18289), 0),17:35:06.9251840
((0, 18299), 0),17:35:06.9354368
((0, 18309), 0),17:35:06.9444608
((0, 18319), 0),17:35:06.9545984
((0, 18329), 0),17:35:06.9647872
((0, 18339), 0),17:35:06.9750656
((0, 18349), 0),17:35:06.9841920
((0, 18359), 0),17:35:06.9944448
((0, 18369), 0),17:35:07.0049024
((0, 18379), 0),17:35:07.0147072
((0, 18390), 0),17:35:07.0249088
((0, 18400), 0),17:35:07.0350848
((0, 18410), 0),17:35:07.0452224
((0, 18420), 0),17:35:07.0554240
((0, 18430), 0),17:35:07.0656128
((0, 18440), 0),17:35:07.0747648
((0, 18450), 0),17:35:07.0850688
((0, 18460), 0),17:35:07.0950912
((0, 18470), 0),17:35:07.1052800
((0, 18480), 0),17:35:07.1145472
((0, 18490), 0),17:35:07.1246336
((0, 18500), 0),17:35:07.1347840
((0, 18510), 0),17:35:07.1452416
((0, 18520), 0),17:35:07.1542528
((0, 18530), 0),17:35:07.1643520
((0, 18540), 0),17:35:07.1745024
((0, 18550), 0),17:35:07.1846656
((0, 18560), 0),17:35:07.1938432
((0, 18570), 0),17:35:07.2042240
((0, 18580), 0),17:35:07.2142080
((0, 18590), 0),17:35:07.2244096
((0, 18600), 0),17:35:07.2345728
((0, 18610), 0),17:35:07.2437760
((0, 18620), 0),17:35:07.2541440
((0, 18630), 0),17:35:07.2641536
((0, 18640), 0),17:35:07.2743680
((0, 18650), 0),17:35:07.2834944
((0, 18660), 0),17:35:07.2937216
((0, 18670), 0),17:35:07.3038592
((0, 18680), 0),17:35:07.3141120
((0, 18690), 0),17:35:07.3233664
((0, 18700), 0),17:35:07.3334016
((0, 18710), 0),17:35:07.3435648
((0, 18720), 0),17:35:07.3538304
((0, 18731), 0),17:35:07.3639168
((0, 18741), 0),17:35:07.3741952
((0, 18751), 0),17:35:07.3843456
((0, 18761), 0),17:35:07.3945088
((0, 18771), 0),17:35:07.4046592
((0, 18781), 0),17:35:07.4138880
((0, 18791), 0),17:35:07.4240640
((0, 18801), 0),17:35:07.4342400
((0, 18811), 0),17:35:07.4444544
((0, 18821), 0),17:35:07.4535296
((0, 18831), 0),17:35:07.4637568
((0, 18841), 0),17:35:07.4739584
((0, 18851), 0),17:35:07.4860160
((0, 18861), 0),17:35:07.4932736
((0, 18871), 0),17:35:07.5034240
((0, 18881), 0),17:35:07.5136384
((0, 18891), 0),17:35:07.5239168
((0, 18902), 0),17:35:07.5342080
((0, 18912), 0),17:35:07.5443072
((0, 18922), 0),17:35:07.5545344
((0, 18932), 0),17:35:07.5645440
((0, 18942), 0),17:35:07.5747072
((0, 18952), 0),17:35:07.5840256
((0, 18962), 0),17:35:07.5941888
((0, 18972), 0),17:35:07.6042880
((0, 18982), 0),17:35:07.6144384
((0, 18992), 0),17:35:07.6237312
((0, 19002), 0),17:35:07.6338304
((0, 19012), 0),17:35:07.6439680
((0, 19022), 0),17:35:07.6541696
((0, 19032), 0),17:35:07.6633984
((0, 19042), 0),17:35:07.6735232
((0, 19052), 0),17:35:07.6837504
((0, 19062), 0),17:35:07.6939008
((0, 19072), 0),17:35:07.7030016
((0, 19082), 0),17:35:07.7132928
((0, 19092), 0),17:35:07.7233920
((0, 19102), 0),17:35:07.7336064
((0, 19112), 0),17:35:07.7437440
((0, 19122), 0),17:35:07.7528704
((0, 19132), 0),17:35:07.7631104
((0, 19142), 0),17:35:07.7732480
((0, 19152), 0),17:35:07.7834880
